metric_group,model,model_label,metric,n_seeds,mean_light,sd_light,mean_dark,sd_dark,mean_gap,sd_gap,min_gap,max_gap,n_gap_positive,n_interval_light_higher,n_interval_dark_higher,n_interval_includes_zero,min_boot_valid
Primary,resnet50,ResNet50,recall,5,0.6155844155844156,0.046463750181813826,0.5714285714285714,0.03367175148507369,0.04415584415584415,0.051713032585343585,-0.03463203463203468,0.09090909090909094,4,0,0,5,10000
Primary,densenet121,DenseNet121,recall,5,0.587012987012987,0.028155173232050426,0.48571428571428565,0.0398409536444798,0.10129870129870126,0.03471310856576531,0.06926406926406925,0.14285714285714285,5,0,0,5,10000
Primary,mobilenetv2,MobileNetV2,recall,5,0.612987012987013,0.06454427864825549,0.6095238095238095,0.02129588549999804,0.0034632034632034346,0.0781262356773402,-0.07359307359307365,0.10389610389610393,2,0,0,5,10000
Primary,efficientnetv2b0,EfficientNetV2B0,recall,5,0.7584415584415585,0.03386598652053322,0.6761904761904762,0.06208764195431093,0.08225108225108228,0.045092352069263306,0.0043290043290044045,0.12121212121212122,5,0,0,5,10000
Primary,vgg16,VGG16,recall,5,0.6103896103896104,0.055859254980796295,0.6190476190476191,0.08908708063747477,-0.008658008658008675,0.03835507607504188,-0.051948051948051965,0.03463203463203457,2,0,0,5,10000
Primary,resnet50,ResNet50,auc_pr,5,0.9558252231682554,0.008264980707287243,0.7843304445274306,0.02969704121929563,0.1714947786408247,0.03189365198125021,0.14276787933528412,0.21991906178745102,5,5,0,0,10000
Primary,densenet121,DenseNet121,auc_pr,5,0.9293895578725848,0.016833128891033798,0.7481997391385752,0.029063398866046457,0.1811898187340097,0.02573924362448834,0.14598936171450838,0.2102997255128093,5,3,0,2,10000
Primary,mobilenetv2,MobileNetV2,auc_pr,5,0.923065248916509,0.02028456359538662,0.7182882786638614,0.0427153010236064,0.20477697025264757,0.05737389743189504,0.13430858906843313,0.25941690010664764,5,4,0,1,10000
Primary,efficientnetv2b0,EfficientNetV2B0,auc_pr,5,0.9423092795247318,0.007345642097691148,0.7933612963897657,0.022040785808468105,0.14894798313496593,0.02491195174823957,0.11100668853644147,0.17746796401693865,5,3,0,2,10000
Primary,vgg16,VGG16,auc_pr,5,0.9317340035544046,0.005723536895933789,0.7101872488519573,0.037002271278879235,0.22154675470244722,0.034559966424102445,0.1765312664575781,0.26669238254046934,5,5,0,0,10000
Primary,resnet50,ResNet50,f1,5,0.7479918853852772,0.02786083676445273,0.6486161349319244,0.031255718051227295,0.09937575045335281,0.04303306889115145,0.035002215330084185,0.14704700683005223,5,0,0,5,10000
Primary,densenet121,DenseNet121,f1,5,0.7218155911071451,0.022898483566006256,0.6038708513708514,0.046379260211806224,0.11794473973629364,0.04606874021912595,0.07349081364829402,0.17312661498708004,5,0,0,5,10000
Primary,mobilenetv2,MobileNetV2,f1,5,0.7269758782639733,0.05079721817126274,0.6236925152048894,0.05231526765898416,0.10328336305908378,0.08893236034716633,-0.01221052631578945,0.23066485753052923,4,1,0,4,10000
Primary,efficientnetv2b0,EfficientNetV2B0,f1,5,0.8327752807156422,0.018394008047402863,0.6723140815823743,0.03382815824571137,0.1604611991332679,0.02386543618270415,0.12576832151300232,0.18977591036414565,5,2,0,3,10000
Primary,vgg16,VGG16,f1,5,0.7377898996086462,0.030516990832965777,0.6477335129721911,0.04650053723102043,0.0900563866364551,0.02482177350470974,0.06924287462843148,0.13179643323183987,5,0,0,5,10000
Primary,resnet50,ResNet50,precision,5,0.9577979797979796,0.02994642020089697,0.7519957983193277,0.04757777241905694,0.205802181478652,0.028402293159720694,0.17727272727272725,0.2385620915032679,5,2,0,3,10000
Primary,densenet121,DenseNet121,precision,5,0.938600148643627,0.030770230507045124,0.8041125541125542,0.09076080464386366,0.13448759453107278,0.08364493603026547,0.023333333333333317,0.23717948717948723,5,0,0,5,10000
Primary,mobilenetv2,MobileNetV2,precision,5,0.8962147610405324,0.017989060345204675,0.6423129260025208,0.09216144831594757,0.25390183503801156,0.10141315937759542,0.11029411764705888,0.3905415713196033,5,4,0,1,10000
Primary,efficientnetv2b0,EfficientNetV2B0,precision,5,0.924341174186095,0.009986962148596679,0.6720220841959972,0.04040959658100345,0.25231908999009783,0.042005554845150214,0.19713261648745517,0.31315577078288936,5,4,0,1,10000
Primary,vgg16,VGG16,precision,5,0.9396855252027667,0.03432292922639563,0.6873866542664497,0.04230780334410439,0.2522988709363169,0.04642479849802453,0.20833333333333337,0.3302139037433155,5,4,0,1,10000
Secondary,resnet50,ResNet50,accuracy,5,0.6971428571428572,0.02273778359297776,0.717391304347826,0.026624888508512825,-0.020248447204968944,0.03785407280975124,-0.06563146997929614,0.028157349896480333,1,0,0,5,10000
Secondary,densenet121,DenseNet121,accuracy,5,0.6685714285714286,0.02371409447235953,0.7086956521739131,0.03949109157518464,-0.040124223602484466,0.0420706277197953,-0.0888198757763975,0.01449275362318836,1,0,0,5,10000
Secondary,mobilenetv2,MobileNetV2,accuracy,5,0.6647619047619048,0.051463832708976316,0.6608695652173913,0.0662954377477257,0.00389233954451349,0.10053752203966959,-0.12960662525879907,0.14906832298136652,2,0,0,5,10000
Secondary,efficientnetv2b0,EfficientNetV2B0,accuracy,5,0.7771428571428571,0.019748991765074053,0.7,0.028344358283489746,0.07714285714285715,0.0251876777623439,0.04451345755693581,0.10434782608695659,5,0,0,5,10000
Secondary,vgg16,VGG16,accuracy,5,0.6838095238095239,0.0217176271447455,0.6956521739130435,0.026624888508512783,-0.011842650103519637,0.023652103594956675,-0.03850931677018632,0.01449275362318836,2,0,0,5,10000
Secondary,resnet50,ResNet50,specificity,5,0.9214285714285715,0.05868455973269637,0.8400000000000001,0.03999999999999996,0.08142857142857143,0.03837250291018084,0.017142857142857126,0.12,5,0,0,5,10000
Secondary,densenet121,DenseNet121,specificity,5,0.8928571428571429,0.05646924393157824,0.8960000000000001,0.060663003552412366,-0.003142857142857158,0.05742252988832441,-0.06714285714285706,0.0485714285714286,3,0,0,5,10000
Secondary,mobilenetv2,MobileNetV2,specificity,5,0.8071428571428572,0.019561519910898762,0.704,0.10807404868885033,0.10314285714285712,0.11553513468611515,-0.05428571428571427,0.26142857142857134,4,1,0,4,10000
Secondary,efficientnetv2b0,EfficientNetV2B0,specificity,5,0.8285714285714285,0.02988071523335983,0.72,0.05656854249492376,0.1085714285714285,0.05812548002873979,0.021428571428571352,0.17714285714285705,5,0,0,5,10000
Secondary,vgg16,VGG16,specificity,5,0.8857142857142858,0.07742672638813856,0.76,0.06324555320336757,0.12571428571428572,0.04623586380766359,0.08857142857142863,0.2042857142857143,5,1,0,4,10000
Secondary,resnet50,ResNet50,auc_roc,5,0.8880333951762523,0.01668340977095412,0.7607619047619048,0.026413766767160094,0.12727149041434757,0.03013443831496229,0.09786023500309216,0.1766852195423625,5,1,0,4,10000
Secondary,densenet121,DenseNet121,auc_roc,5,0.8487012987012987,0.029114569767232694,0.7752380952380953,0.022537446792760468,0.07346320346320352,0.027786013865310173,0.03567099567099574,0.10671614100185545,5,0,0,5,10000
Secondary,mobilenetv2,MobileNetV2,auc_roc,5,0.8328385899814471,0.02603524458052492,0.6834285714285715,0.02165070055372623,0.1494100185528757,0.04409690628383846,0.08656771799628948,0.18701298701298708,5,1,0,4,10000
Secondary,efficientnetv2b0,EfficientNetV2B0,auc_roc,5,0.8743970315398887,0.007218356262508578,0.7820952380952381,0.017999748045603763,0.09230179344465057,0.020323008000169014,0.059165120593691944,0.11019789734075447,5,0,0,5,10000
Secondary,vgg16,VGG16,auc_roc,5,0.826252319109462,0.013300451645264118,0.7588571428571428,0.039073162377015115,0.06739517625231914,0.038211642536783,0.016691403834261154,0.11575757575757584,5,0,0,5,10000
